github.com,1C8199D3C9F1,1C8199D3C9F1.GITHUB.IO
github.com,Dreamink0,Dreamink0.github.io
github.com,Eden7Ba23,Eden7Ba23.github.io
github.com,EulerianMoe,eulerianmoe.github.io
github.com,EverybodyDiesInTheirNightmares,everybodydiesintheirnightmares.github.io
github.com,FrankXiong,blog
github.com,Gracker,Gracker.github.io
github.com,JasonkayZK,JasonkayZK.github.io
github.com,JayZangwill,JayZangwill.github.io
github.com,JayZangwill,blog
github.com,Lorde627,Lorde627.github.io
github.com,Philo-Li,lulalap.github.io
github.com,TechFusionFM,TechFusionFM
github.com,TomBener,blog
github.com,YanJieMao,daily
github.com,Yesterlife,Yesterlife.github.io
github.com,aaronnick,aaronnick.github.io
github.com,aeilot,blog
github.com,aemoncao,aemoncao.github.io
github.com,aiokr,aiokr.github.io
github.com,aiokr,iTypen-Pages
github.com,alxddh,alxddh.github.io
github.com,ambroseren,ambroseren.github.io
github.com,anran758,anran758.github.io
github.com,biopolyhedron,biopolyhedron.github.io
github.com,caosbad,caosbad.github.io
github.com,chai2010,chai2010.github.io
github.com,chaomai,chaomai.github.io
github.com,charlesliuyx,charlesliuyx.github.io
github.com,chinomars,chinomars.github.io
github.com,chouj,chouj.github.io
github.com,claude-ray,claude-ray.github.io
github.com,crazylxr,crazylxr.github.io
github.com,cyril3,cyril3.github.io
github.com,dearbojack,dearbojack.github.io
github.com,dearxs,dearxs.github.io
github.com,dianjiaogit,dianjiaogit.github.io
github.com,dumplingbao,dumplingbao.github.io
github.com,egoist,website
github.com,emacstalk,emacstalk.github.io
github.com,emuqi,emuqi.github.io
github.com,f2h2h1,f2h2h1.github.io
github.com,faceyoung,mistethereal.github.io
github.com,felixxiong,felixxiong.github.io
github.com,frost-lee,frost-lee.github.io
github.com,fyljp,fyljpcom
github.com,github-9233,github-9233.github.io
github.com,gledos,ggame
github.com,gulugulufm,gulugulufm.github.io
github.com,herbertchang,herbertchang.github.io
github.com,hijiangtao,hijiangtao.github.io
github.com,houoop,nodejs-blog
github.com,ioerr,ioerr.github.io
github.com,iphyer,iphyer.github.io
github.com,iphysresearch,Old-blog
github.com,iphysresearch,iphysresearch.github.io_Archive
github.com,itgoyo,itgoyo.github.io
github.com,jaredtao,jaredtao.github.io
github.com,jasonkayzk,jasonkayzk.github.io
github.com,jayzangwill,jayzangwill.github.io
github.com,jiangdi0924,jiangdi0924.github.io
github.com,juzhiyuan,juzhiyuan
github.com,jywangyou,jywangyou.github.io
github.com,knightyun,knightyun.github.io
github.com,lenciel,lenciel.github.io
github.com,lfbear,myblog
github.com,lhymwm,lhymwm.github.io
github.com,lianyongxing,lianyongxing.github.io
github.com,lineuman,lineuman.github.io
github.com,lumitytw,lumitytw.github.io
github.com,luyuhuang,luyuhuang.github.io
github.com,mabbs,mabbs.github.io
github.com,marwincn,marwincn.github.io
github.com,matrixkook,matrixkook.github.io
github.com,michael728,michael728.github.io
github.com,mkitclear,mkitclear.github.io
github.com,mountaye,mountaye.github.io
github.com,naichaduck,naichaduck.github.io
github.com,newdee,newdee.github.io
github.com,ngzhio,ngzhio.github.io
github.com,nojsja,blogs
github.com,nojsja,nojsja.github.io
github.com,notlsd,notlsd.github.io
github.com,olist213,olist213.github.io
github.com,paperclip-tk,paperclip
github.com,paperclip-tk,paperclipfans
github.com,qianyugang,qianyugang.github.io
github.com,qinyuanpei,hugo-blog
github.com,saulnoble,saulnoble.github.io
github.com,shrekshao,shrekshao.github.io
github.com,steamfinder,steamfinder.github.io
github.com,thewanderingpotato,thewanderingpotato.github.io
github.com,timqian,ChinoMars.github.io
github.com,toweave,toweave.github.io
github.com,vcfe,vcfe.github.io
github.com,vivaxyblog,vivaxyblog.github.io
github.com,vzardlloo,vzardlloo.github.io
github.com,weepingdogel,weepingdogel.github.io
github.com,weirane,weirane.github.io
github.com,wsgzao,wsgzao.github.io
github.com,wwj718,wwj718.github.io
github.com,xdlrt,blog
github.com,xianmin,xianmin.github.io
github.com,xiantang,xiantang.github.io
github.com,yangyongkangse,blog.github.io
github.com,yuukoamamiya,yuukoamamiya.github.io
github.com,zdyxry,zdyxry.github.io
github.com,zhangyet,zhangyet.github.io
github.com,zhonger,zhonger.github.io
github.com,zizhengw,zizhengw.github.io
github.com,zofun,zofun.github.io
github.com,zsqk,news
gitlab.com,matatabi_wang,matatabi_wang.gitlab.io
gitlab.com,mayx,mayx.gitlab.io
